"CLASS","PRIORD"
"0",0.54012654012654
"1",0.45987345987346
