"CLASS","PRIORD"
"CLPRDP",0.505050505050505
"CLPRDP",0.494949494949495
