SAGESAN1,AVGP
0.000815904068319,0.5
0.0050256764468,1.0
