SAGESAND0,AVGP
0.000816,0.166666666667
0.003922,0.333333333333
0.004807,0.5
0.005027,0.666666666667
0.0109,0.833333333333
0.011265,1.0
