SDENSAND10,AVGP
1,0.466666666667
2,0.966666666667
