SDENSTRD10,AVGP
1,0.455128205128
2,0.948717948718
3,1.0
