SDIASTRD0,AVGP
0.001681,0.5
0.00211,1.0
