SPDIASTRC,AVGP
1,0.0253164556962
2,0.405063291139
3,0.886075949367
